<?xml version="1.0" encoding="utf-8" ?>

<!--********** Copyright 2016 Roku Corp.  All Rights Reserved. **********-->
<!-- Node that implements list of video items.
	 It also handles item selection and animation.
-->
<component name="VideoItem" extends="MaskGroup" xsi:noNamespaceSchemaLocation="https://devtools.web.roku.com/schema/RokuSceneGraph.xsd">

	<interface>
	  <!-- preffered width of markup list video item -->
	  <field id="width" 		type="float" 	onChange="OnWidthChanged"/> 
	  <!-- preffered height of markup list video item -->
	  <field id="height" 		type="float" 	onChange="OnHeightChanged"/> 
	  <!-- content node of current selected video -->
	  <field id="itemContent" 	type="node" 	onchange="OnItemContentChanged"/>
	  <!-- fractional value used for animation when item becomes focused or unfocused -->
	  <field id="focusPercent" 	type="float" 	onChange="OnFocusPercentChanged"/> 
	  <!-- indicates if list is in focus and triggers proper function on focus change -->
	  <field id="listHasFocus" 	type="bool" 	onChange="OnListFocusChanged"/>
	</interface>

	<script type="text/brightscript" uri="pkg:/components/ItemComponent/VideoItem.brs"/> 
	      
	<children>
		<Poster
			id="cover"/>
  		<Poster
			id="backgroundPoster"
			uri="pkg:/images/backgroundGradient.png"/>	

		<LayoutGroup
			id="itemDetails"
			layoutdirection = "vert"
    		horizalignment ="left"
    		vertalignment = "bottom"
    		additemspacingafterchild = "true"  
    		itemspacings = "[10,10]">
			
			<Label
				id="title"
				horizAlign="left"
				color="0xFFFFFFFF"
				text="title"
				font="font:MediumBoldSystemFont"/>
	
			<Label
				id="itemInfo"
				text="itemInfo"
				horizAlign="left"
				color="0xFFFFFFFF"
				font="font:MediumBoldSystemFont"/>
	
			<Label
				id="description"
				text="description"
				horizAlign="left"
				color="0xFFFFFFFF"
				numLines="2"
				width="300"
				wrap="true"
				lineSpacing="-0.5"
				font="font:SmallestSystemFont"/>
		</LayoutGroup>
	</children>
</component>